{
  "project_info": {
    "project_number": "43880574123",
    "project_id": "learningapp-c485c",
    "storage_bucket": "learningapp-c485c.firebasestorage.app"
  },
  "client": [
    {
      "client_info": {
        "mobilesdk_app_id": "1:43880574123:android:c977cc14f90f21f41a5bee",
        "android_client_info": {
          "package_name": "com.example.learningapp"
        }
      },
      "oauth_client": [],
      "api_key": [
        {
          "current_key": "AIzaSyDACfjh2wS9c3LK65BxDGbrPW98W8jcf8c"
        }
      ],
      "services": {
        "appinvite_service": {
          "other_platform_oauth_client": []
        }
      }
    }
  ],
  "configuration_version": "1"
}